rank,segment_id,risk_score
1,2190,0.8579677
2,48,0.8579677
3,49202,0.8579677
4,49116,0.8579677
5,49055,0.8579677
6,403,0.8579677
7,49896,0.8579677
8,49981,0.8579677
9,44544,0.8579677
10,14823,0.8579677
11,44636,0.8579677
12,44637,0.8579677
13,621,0.8579677
14,49518,0.8579677
15,45169,0.8579677
16,45587,0.8579677
17,49438,0.8579677
18,48698,0.8579677
19,38336,0.8579677
20,38130,0.8579677
21,37480,0.8579677
22,37483,0.8579677
23,2891,0.8579677
24,37776,0.8579677
25,37596,0.8579677
26,39833,0.8579677
27,39850,0.8579677
28,44831,0.8579677
29,44696,0.8579677
30,37502,0.8579677
31,37519,0.8579677
32,37124,0.8579677
33,43832,0.8579677
34,18166,0.8579677
35,18365,0.8579677
36,43689,0.8579677
37,43845,0.8579677
38,43778,0.8579677
39,43850,0.8579677
40,16679,0.8579677
41,43827,0.8579677
42,44176,0.8579677
43,19204,0.8579677
44,11660,0.8579677
45,11700,0.8579677
46,11703,0.8579677
47,44147,0.8579677
48,44149,0.8579677
49,17178,0.8579677
50,37477,0.8579677
51,37256,0.8579677
52,37259,0.8579677
53,40144,0.8579677
54,4672,0.8579677
55,48529,0.8579677
56,40310,0.8579677
57,36857,0.8579677
58,36757,0.8579677
59,37353,0.8579677
60,37052,0.8579677
61,40680,0.8579677
62,40687,0.8579677
63,40705,0.8579677
64,48075,0.8579677
65,40025,0.8579677
66,3379,0.8579677
67,3693,0.8579677
68,36935,0.8579677
69,40645,0.8579677
70,40560,0.8579677
71,42824,0.8579677
72,42827,0.8579677
73,23441,0.8579677
74,23445,0.8579677
75,42644,0.8579677
76,11363,0.8579677
77,11366,0.8579677
78,23333,0.8579677
79,21901,0.8579677
80,45751,0.8579677
81,43535,0.8579677
82,20407,0.8579677
83,20410,0.8579677
84,23164,0.8579677
85,22843,0.8579677
86,23610,0.8579677
87,10490,0.8579677
88,43283,0.8579677
89,43410,0.8579677
90,35547,0.8579677
91,36695,0.8579677
92,48083,0.8579677
93,33987,0.8579677
94,34182,0.8579677
95,40678,0.8579677
96,32912,0.8579677
97,41357,0.8579677
98,33469,0.8579677
99,40914,0.8579677
100,5379,0.8579677
101,3241,0.8579677
102,5789,0.8579677
103,37311,0.8579677
104,41057,0.8579677
105,7694,0.8579677
106,47800,0.8579677
107,33477,0.8579677
108,32360,0.8579677
109,32377,0.8579677
110,47460,0.8579677
111,47470,0.8579677
112,32799,0.8579677
113,41611,0.8579677
114,47886,0.8579677
115,47943,0.8579677
116,48175,0.8579677
117,41528,0.8579677
118,42336,0.8579677
119,46070,0.8579677
120,42586,0.8579677
121,42517,0.8579677
122,24077,0.8579677
123,23974,0.8579677
124,42662,0.8579677
125,42717,0.8579677
126,42361,0.8579677
127,42407,0.8579677
128,25428,0.8579677
129,42002,0.8579677
130,41998,0.8579677
131,23977,0.8579677
132,42641,0.8579677
133,42149,0.8579677
134,28346,0.8579677
135,28591,0.8579677
136,27417,0.8579677
137,27875,0.8579677
138,42240,0.8579677
139,42244,0.8579677
140,42155,0.8579677
141,42132,0.8579677
142,42075,0.8579677
143,42227,0.8579677
144,42231,0.8579677
145,28081,0.8579677
146,47145,0.8579677
147,9140,0.8579677
148,8887,0.8579677
149,9101,0.8579677
150,9142,0.8579677
151,42211,0.8579677
152,42333,0.8579677
153,42259,0.8579677
154,41621,0.8579677
155,31323,0.8579677
156,8702,0.8579677
157,47041,0.8579677
158,41672,0.8579677
159,29814,0.8579677
160,30658,0.8579677
161,9147,0.8579677
162,31214,0.8579677
163,41858,0.8579677
164,46754,0.8579677
165,9572,0.8579677
166,32351,0.8579677
167,29833,0.8579677
168,41908,0.8579677
169,39179,0.8579677
170,38519,0.8579677
171,38709,0.8579677
172,38862,0.8579677
173,39147,0.8579677
174,37879,0.8579677
175,39523,0.8579677
176,39526,0.8579677
177,49212,0.8579677
178,49199,0.8579677
179,38240,0.8579677
180,38256,0.8579677
181,38129,0.8579677
182,38283,0.8579677
183,38720,0.8579677
184,14960,0.8579677
185,39534,0.8579677
186,44916,0.8579677
187,17175,0.8579677
188,44173,0.8579677
189,15644,0.8579677
190,15697,0.8579677
191,15700,0.8579677
192,16167,0.8579677
193,13540,0.8579677
194,44554,0.8579677
195,44515,0.8579677
196,44541,0.8579677
197,44973,0.8579677
198,38880,0.8579677
199,15914,0.8579677
200,426,0.8431243
201,38886,0.8431243
202,38893,0.8431243
203,38897,0.8431243
204,16214,0.8431243
205,44476,0.8431243
206,44504,0.8431243
207,44522,0.8431243
208,44393,0.8431243
209,44396,0.8431243
210,44411,0.8431243
211,13894,0.8431243
212,13434,0.8431243
213,44801,0.8431243
214,44864,0.8431243
215,14252,0.8431243
216,45012,0.8431243
217,44413,0.8431243
218,14930,0.8431243
219,14321,0.8431243
220,15081,0.8431243
221,14988,0.8431243
222,39532,0.8431243
223,38214,0.8431243
224,38334,0.8431243
225,38715,0.8431243
226,39496,0.8431243
227,37887,0.8431243
228,39529,0.8431243
229,49238,0.8431243
230,39176,0.8431243
231,38699,0.8431243
232,48783,0.8431243
233,32328,0.8431243
234,33519,0.8431243
235,33595,0.8431243
236,33598,0.8431243
237,41850,0.8431243
238,46910,0.8431243
239,10422,0.8431243
240,41682,0.8431243
241,41650,0.8431243
242,41656,0.8431243
243,41668,0.8431243
244,41675,0.8431243
245,9144,0.8431243
246,31769,0.8431243
247,31361,0.8431243
248,32020,0.8431243
249,41584,0.8431243
250,42265,0.8431243
251,42281,0.8431243
252,42229,0.8431243
253,42189,0.8431243
254,42195,0.8431243
255,42204,0.8431243
256,42167,0.8431243
257,42170,0.8431243
258,42174,0.8431243
259,27199,0.8431243
260,10254,0.8431243
261,42019,0.8431243
262,29500,0.8431243
263,29499,0.8431243
264,42620,0.8431243
265,24408,0.8431243
266,42646,0.8431243
267,42677,0.8431243
268,24191,0.8431243
269,10495,0.8431243
270,10707,0.8431243
271,10710,0.8431243
272,42337,0.8431243
273,42320,0.8431243
274,42331,0.8431243
275,24702,0.8431243
276,46163,0.8431243
277,10470,0.8431243
278,6915,0.8431243
279,7336,0.8431243
280,40709,0.8431243
281,40651,0.8431243
282,32449,0.8431243
283,41508,0.8431243
284,32709,0.8431243
285,41614,0.8431243
286,41562,0.8431243
287,47752,0.8431243
288,32363,0.8431243
289,32380,0.8431243
290,32413,0.8431243
291,47358,0.8431243
292,47677,0.8431243
293,47534,0.8431243
294,47552,0.8431243
295,33255,0.8431243
296,32313,0.8431243
297,6024,0.8431243
298,40986,0.8431243
299,41016,0.8431243
300,41444,0.8431243
301,33382,0.8431243
302,40906,0.8431243
303,33954,0.8431243
304,33955,0.8431243
305,40910,0.8431243
306,34919,0.8431243
307,40675,0.8431243
308,36443,0.8431243
309,40824,0.8431243
310,40826,0.8431243
311,40753,0.8431243
312,48301,0.8431243
313,48307,0.8431243
314,10479,0.8431243
315,46399,0.8431243
316,10605,0.8431243
317,10683,0.8431243
318,19515,0.8431243
319,43545,0.8431243
320,19509,0.8431243
321,23688,0.8431243
322,23691,0.8431243
323,21089,0.8431243
324,45754,0.8431243
325,45764,0.8431243
326,45859,0.8431243
327,39680,0.8431243
328,39577,0.8431243
329,39582,0.8431243
330,40200,0.8431243
331,40028,0.8431243
332,40230,0.8431243
333,36927,0.8431243
334,37422,0.8431243
335,37474,0.8431243
336,40178,0.8431243
337,5538,0.8431243
338,45662,0.8431243
339,45674,0.8431243
340,17589,0.8431243
341,17694,0.8431243
342,17782,0.8431243
343,17785,0.8431243
344,18802,0.8431243
345,18804,0.8431243
346,18807,0.8431243
347,43847,0.8431243
348,16684,0.8431243
349,45493,0.8431243
350,45494,0.8431243
351,43881,0.8431243
352,43882,0.8431243
353,44763,0.8431243
354,44796,0.8431243
355,14047,0.8431243
356,37693,0.8431243
357,48505,0.8431243
358,48506,0.8431243
359,39756,0.8431243
360,39732,0.8431243
361,39905,0.8431243
362,37605,0.8431243
363,3696,0.8431243
364,3897,0.8431243
365,3711,0.8431243
366,3870,0.8431243
367,48728,0.8431243
368,48734,0.8431243
369,38207,0.8431243
370,45171,0.8431243
371,45172,0.8431243
372,45318,0.8431243
373,588,0.8431243
374,49356,0.8431243
375,995,0.8431243
376,998,0.8431243
377,38857,0.8431243
378,38976,0.8431243
379,38902,0.8431243
380,38907,0.8431243
381,38751,0.8431243
382,39009,0.8431243
383,39025,0.8431243
384,537,0.8431243
385,585,0.8431243
386,44609,0.8431243
387,44584,0.8431243
388,49826,0.8431243
389,39000,0.8431243
390,14997,0.8431243
391,380,0.8431243
392,257,0.8431243
393,50123,0.8431243
394,2131,0.8431243
395,166,0.8431243
396,926,0.81771433
397,50110,0.81771433
398,49525,0.81771433
399,146,0.81771433
400,98,0.81771433
401,46522,0.81771433
402,9593,0.81771433
403,9803,0.81771433
404,9428,0.81771433
405,9432,0.81771433
406,29812,0.81771433
407,41747,0.81771433
408,30696,0.81771433
409,46654,0.81771433
410,46520,0.81771433
411,41666,0.81771433
412,30440,0.81771433
413,9424,0.81771433
414,41627,0.81771433
415,41630,0.81771433
416,44837,0.81771433
417,15597,0.81771433
418,15602,0.81771433
419,15365,0.81771433
420,39685,0.81771433
421,14045,0.81771433
422,45056,0.81771433
423,38253,0.81771433
424,44828,0.81771433
425,44833,0.81771433
426,38706,0.81771433
427,38727,0.81771433
428,37938,0.81771433
429,47019,0.81771433
430,46944,0.81771433
431,8735,0.81771433
432,41602,0.81771433
433,41608,0.81771433
434,42115,0.81771433
435,27980,0.81771433
436,27068,0.81771433
437,27365,0.81771433
438,46896,0.81771433
439,41616,0.81771433
440,41502,0.81771433
441,29753,0.81771433
442,42181,0.81771433
443,42159,0.81771433
444,46426,0.81771433
445,46430,0.81771433
446,46432,0.81771433
447,46469,0.81771433
448,41890,0.81771433
449,16524,0.81771433
450,16580,0.81771433
451,16589,0.81771433
452,44102,0.81771433
453,44099,0.81771433
454,18153,0.81771433
455,43859,0.81771433
456,18890,0.81771433
457,39799,0.81771433
458,18400,0.81771433
459,48658,0.81771433
460,48743,0.81771433
461,48746,0.81771433
462,48730,0.81771433
463,48654,0.81771433
464,39854,0.81771433
465,46305,0.81771433
466,46154,0.81771433
467,42335,0.81771433
468,32816,0.81771433
469,32446,0.81771433
470,42197,0.81771433
471,32368,0.81771433
472,32370,0.81771433
473,47787,0.81771433
474,47789,0.81771433
475,32697,0.81771433
476,32768,0.81771433
477,32804,0.81771433
478,32807,0.81771433
479,42635,0.81771433
480,42640,0.81771433
481,7558,0.81771433
482,47649,0.81771433
483,37173,0.81771433
484,40234,0.81771433
485,40103,0.81771433
486,40182,0.81771433
487,37342,0.81771433
488,45434,0.81771433
489,45439,0.81771433
490,45443,0.81771433
491,45198,0.81771433
492,16691,0.81771433
493,48546,0.81771433
494,24628,0.81771433
495,23976,0.81771433
496,24075,0.81771433
497,42657,0.81771433
498,42617,0.81771433
499,33129,0.81771433
500,41361,0.81771433
501,25440,0.81771433
502,25227,0.81771433
503,25230,0.81771433
504,42606,0.81771433
505,41392,0.81771433
506,41248,0.81771433
507,41101,0.81771433
508,35049,0.81771433
509,35058,0.81771433
510,35200,0.81771433
511,41133,0.81771433
512,6057,0.81771433
513,6239,0.81771433
514,40648,0.81771433
515,48328,0.81771433
516,48116,0.81771433
517,43336,0.81771433
518,20636,0.81771433
519,43620,0.81771433
520,36909,0.81771433
521,22452,0.81771433
522,42773,0.81771433
523,46008,0.81771433
524,42648,0.81771433
525,12035,0.81771433
526,12132,0.81771433
527,34911,0.81771433
528,34913,0.81771433
529,34724,0.81771433
530,42664,0.81771433
531,42675,0.81771433
532,42685,0.81771433
533,36574,0.81771433
534,40908,0.81771433
535,40902,0.81771433
536,21645,0.81771433
537,20941,0.81771433
538,35376,0.81771433
539,43278,0.81771433
540,43051,0.81771433
541,43072,0.81771433
542,21884,0.81771433
543,42818,0.81771433
544,42830,0.81771433
545,42997,0.81771433
546,23028,0.81771433
547,7167,0.81771433
548,42973,0.81771433
549,42833,0.81771433
550,42847,0.81771433
551,38968,0.81771433
552,789,0.81771433
553,659,0.81771433
554,49561,0.81771433
555,49519,0.81771433
556,49749,0.81771433
557,38754,0.81771433
558,38759,0.81771433
559,39027,0.81771433
560,38748,0.81771433
561,38733,0.81771433
562,38738,0.81771433
563,39060,0.81771433
564,355,0.81771433
565,50032,0.81771433
566,50034,0.81771433
567,38740,0.81771433
568,38743,0.81771433
569,38746,0.81771433
570,14980,0.81771433
571,39275,0.81771433
572,39408,0.81771433
573,49271,0.81771433
574,16209,0.81771433
575,14503,0.81771433
576,44534,0.81771433
577,15004,0.81771433
578,2591,0.81771433
579,1005,0.81771433
580,1023,0.81771433
581,39173,0.81771433
582,353,0.81771433
583,48805,0.81771433
584,39183,0.81771433
585,39080,0.81771433
586,49072,0.81771433
587,49613,0.80166465
588,49004,0.80166465
589,1258,0.80166465
590,2668,0.80166465
591,2792,0.80166465
592,2066,0.80166465
593,49214,0.80166465
594,16216,0.80166465
595,44565,0.80166465
596,44488,0.80166465
597,14962,0.80166465
598,49991,0.80166465
599,44611,0.80166465
600,38478,0.80166465
601,39209,0.80166465
602,9503,0.80166465
603,225,0.80166465
604,38765,0.80166465
605,38780,0.80166465
606,38852,0.80166465
607,38730,0.80166465
608,38883,0.80166465
609,38946,0.80166465
610,49988,0.80166465
611,39021,0.80166465
612,38986,0.80166465
613,38971,0.80166465
614,38973,0.80166465
615,7261,0.80166465
616,7339,0.80166465
617,7071,0.80166465
618,42915,0.80166465
619,42809,0.80166465
620,43017,0.80166465
621,23721,0.80166465
622,22937,0.80166465
623,42897,0.80166465
624,43123,0.80166465
625,21510,0.80166465
626,21513,0.80166465
627,21141,0.80166465
628,21172,0.80166465
629,35546,0.80166465
630,40721,0.80166465
631,40815,0.80166465
632,40827,0.80166465
633,40752,0.80166465
634,36388,0.80166465
635,40941,0.80166465
636,40847,0.80166465
637,34841,0.80166465
638,11376,0.80166465
639,42700,0.80166465
640,42703,0.80166465
641,11408,0.80166465
642,11271,0.80166465
643,45827,0.80166465
644,45728,0.80166465
645,42791,0.80166465
646,42729,0.80166465
647,42743,0.80166465
648,41022,0.80166465
649,40957,0.80166465
650,36966,0.80166465
651,37047,0.80166465
652,43539,0.80166465
653,43393,0.80166465
654,43395,0.80166465
655,43397,0.80166465
656,43456,0.80166465
657,43458,0.80166465
658,19460,0.80166465
659,43525,0.80166465
660,43808,0.80166465
661,43683,0.80166465
662,40630,0.80166465
663,40563,0.80166465
664,48017,0.80166465
665,48074,0.80166465
666,48077,0.80166465
667,6066,0.80166465
668,6495,0.80166465
669,48439,0.80166465
670,48451,0.80166465
671,48453,0.80166465
672,41136,0.80166465
673,41037,0.80166465
674,41054,0.80166465
675,41065,0.80166465
676,41073,0.80166465
677,41013,0.80166465
678,41409,0.80166465
679,41219,0.80166465
680,33839,0.80166465
681,25591,0.80166465
682,42334,0.80166465
683,42536,0.80166465
684,24652,0.80166465
685,42659,0.80166465
686,37792,0.80166465
687,37521,0.80166465
688,39852,0.80166465
689,48468,0.80166465
690,37122,0.80166465
691,48516,0.80166465
692,5784,0.80166465
693,45189,0.80166465
694,45191,0.80166465
695,45192,0.80166465
696,43767,0.80166465
697,43770,0.80166465
698,12397,0.80166465
699,12400,0.80166465
700,43838,0.80166465
701,45465,0.80166465
702,37260,0.80166465
703,37316,0.80166465
704,37321,0.80166465
705,40277,0.80166465
706,37468,0.80166465
707,8102,0.80166465
708,7769,0.80166465
709,47606,0.80166465
710,8099,0.80166465
711,32442,0.80166465
712,45960,0.80166465
713,42233,0.80166465
714,42207,0.80166465
715,42192,0.80166465
716,46307,0.80166465
717,46188,0.80166465
718,46066,0.80166465
719,10484,0.80166465
720,10459,0.80166465
721,3861,0.80166465
722,48757,0.80166465
723,39910,0.80166465
724,39846,0.80166465
725,39772,0.80166465
726,18184,0.80166465
727,18187,0.80166465
728,17811,0.80166465
729,17830,0.80166465
730,43810,0.80166465
731,43853,0.80166465
732,43856,0.80166465
733,43862,0.80166465
734,16688,0.80166465
735,44134,0.80166465
736,17245,0.80166465
737,42345,0.80166465
738,42305,0.80166465
739,42307,0.80166465
740,10145,0.80166465
741,28998,0.80166465
742,42026,0.80166465
743,26748,0.80166465
744,42157,0.80166465
745,27881,0.80166465
746,41506,0.80166465
747,8806,0.80166465
748,41635,0.80166465
749,37992,0.80166465
750,39491,0.80166465
751,39638,0.80166465
752,39662,0.80166465
753,39548,0.80166465
754,38273,0.80166465
755,44749,0.80166465
756,44421,0.80166465
757,44423,0.80166465
758,14238,0.80166465
759,14241,0.80166465
760,14249,0.80166465
761,13861,0.80166465
762,45188,0.80166465
763,45111,0.80166465
764,44835,0.80166465
765,15619,0.80166465
766,15646,0.80166465
767,3012,0.80166465
768,31407,0.80166465
769,41659,0.80166465
770,41662,0.80166465
771,32204,0.80166465
772,41699,0.80166465
773,41712,0.80166465
774,41677,0.80166465
775,41679,0.80166465
776,41644,0.80166465
777,41653,0.80166465
778,29809,0.80166465
779,29849,0.80166465
780,30084,0.80166465
781,46599,0.80166465
782,41839,0.80166465
783,46863,0.80166465
784,9436,0.80166465
785,149,0.80166465
786,195,0.7958893
787,49653,0.7958893
788,160,0.7958893
789,891,0.7958893
790,716,0.7958893
791,754,0.7958893
792,49900,0.7958893
793,15007,0.7958893
794,15038,0.7958893
795,14983,0.7958893
796,14985,0.7958893
797,14385,0.7958893
798,38442,0.7958893
799,39204,0.7958893
800,39212,0.7958893
801,39249,0.7958893
802,50012,0.7958893
803,39487,0.7958893
804,39257,0.7958893
805,38724,0.7958893
806,38580,0.7958893
807,38614,0.7958893
808,44764,0.7958893
809,44308,0.7958893
810,39699,0.7958893
811,39566,0.7958893
812,39536,0.7958893
813,47180,0.7958893
814,9205,0.7958893
815,9425,0.7958893
816,31929,0.7958893
817,32200,0.7958893
818,31526,0.7958893
819,31651,0.7958893
820,31909,0.7958893
821,29821,0.7958893
822,29900,0.7958893
823,41759,0.7958893
824,41766,0.7958893
825,41786,0.7958893
826,41841,0.7958893
827,30852,0.7958893
828,30497,0.7958893
829,42048,0.7958893
830,10309,0.7958893
831,10312,0.7958893
832,10304,0.7958893
833,26097,0.7958893
834,26730,0.7958893
835,42153,0.7958893
836,42085,0.7958893
837,28866,0.7958893
838,41556,0.7958893
839,28111,0.7958893
840,26986,0.7958893
841,9089,0.7958893
842,8628,0.7958893
843,46993,0.7958893
844,15473,0.7958893
845,15476,0.7958893
846,44379,0.7958893
847,44381,0.7958893
848,44918,0.7958893
849,13491,0.7958893
850,13494,0.7958893
851,4550,0.7958893
852,3828,0.7958893
853,3632,0.7958893
854,15456,0.7958893
855,39728,0.7958893
856,48651,0.7958893
857,48661,0.7958893
858,48609,0.7958893
859,4283,0.7958893
860,43944,0.7958893
861,18810,0.7958893
862,39826,0.7958893
863,47389,0.7958893
864,42654,0.7958893
865,42631,0.7958893
866,46178,0.7958893
867,42184,0.7958893
868,32412,0.7958893
869,32539,0.7958893
870,32244,0.7958893
871,47937,0.7958893
872,10708,0.7958893
873,10487,0.7958893
874,10466,0.7958893
875,10468,0.7958893
876,46165,0.7958893
877,37528,0.7958893
878,37531,0.7958893
879,44306,0.7958893
880,17160,0.7958893
881,48502,0.7958893
882,48461,0.7958893
883,48474,0.7958893
884,37135,0.7958893
885,37667,0.7958893
886,5377,0.7958893
887,5020,0.7958893
888,5038,0.7958893
889,48485,0.7958893
890,43795,0.7958893
891,45849,0.7958893
892,45720,0.7958893
893,11978,0.7958893
894,41115,0.7958893
895,41001,0.7958893
896,41010,0.7958893
897,24654,0.7958893
898,24704,0.7958893
899,32954,0.7958893
900,32875,0.7958893
901,24226,0.7958893
902,42597,0.7958893
903,42527,0.7958893
904,25717,0.7958893
905,25939,0.7958893
906,45320,0.7958893
907,43840,0.7958893
908,45512,0.7958893
909,45451,0.7958893
910,45460,0.7958893
911,37152,0.7958893
912,43811,0.7958893
913,36918,0.7958893
914,36699,0.7958893
915,40344,0.7958893
916,22396,0.7958893
917,37087,0.7958893
918,20878,0.7958893
919,19732,0.7958893
920,43542,0.7958893
921,43340,0.7958893
922,43345,0.7958893
923,43750,0.7958893
924,43648,0.7958893
925,20585,0.7958893
926,20597,0.7958893
927,20743,0.7958893
928,6819,0.7958893
929,6901,0.7958893
930,48324,0.7958893
931,48037,0.7958893
932,48363,0.7958893
933,7231,0.7958893
934,35729,0.7958893
935,35743,0.7958893
936,48480,0.7958893
937,20998,0.7958893
938,34639,0.7958893
939,34022,0.7958893
940,40841,0.7958893
941,35784,0.7958893
942,36167,0.7958893
943,11678,0.7958893
944,11702,0.7958893
945,11360,0.7958893
946,45664,0.7958893
947,34948,0.7958893
948,34116,0.7958893
949,34513,0.7958893
950,39099,0.7958893
951,39100,0.7958893
952,39117,0.7958893
953,49598,0.7958893
954,49729,0.7958893
955,49141,0.7958893
956,49037,0.7958893
957,48888,0.7958893
958,48890,0.7958893
959,15968,0.7958893
960,39254,0.7958893
961,39169,0.7958893
962,49393,0.7958893
963,49152,0.7958893
964,9427,0.7958893
965,46765,0.7958893
966,46667,0.7958893
967,439,0.7958893
968,50014,0.7958893
969,50015,0.7958893
970,50021,0.7958893
971,50024,0.7958893
972,39077,0.7958893
973,38888,0.7958893
974,38865,0.7958893
975,548,0.7958893
976,49296,0.7958893
977,49366,0.7958893
978,39019,0.7958893
979,38995,0.7958893
980,39003,0.7958893
981,38940,0.7958893
982,38942,0.7958893
983,39075,0.7871252
984,38820,0.7871252
985,38849,0.7871252
986,50027,0.7871252
987,488,0.7871252
988,506,0.7871252
989,357,0.7871252
990,41,0.7871252
991,302,0.7871252
992,49640,0.7871252
993,46861,0.7871252
994,46661,0.7871252
995,46669,0.7871252
996,14510,0.7871252
997,44553,0.7871252
998,44475,0.7871252
999,44509,0.7871252
1000,44431,0.7871252
1001,44435,0.7871252
1002,44450,0.7871252
1003,16215,0.7871252
1004,15865,0.7871252
1005,39171,0.7871252
1006,49178,0.7871252
1007,1210,0.7871252
1008,49145,0.7871252
1009,49036,0.7871252
1010,48801,0.7871252
1011,354,0.7871252
1012,49687,0.7871252
1013,653,0.7871252
1014,11865,0.7871252
1015,40913,0.7871252
1016,40778,0.7871252
1017,40766,0.7871252
1018,35550,0.7871252
1019,35623,0.7871252
1020,43193,0.7871252
1021,43115,0.7871252
1022,43117,0.7871252
1023,43024,0.7871252
1024,22694,0.7871252
1025,42893,0.7871252
1026,42821,0.7871252
1027,6505,0.7871252
1028,48106,0.7871252
1029,40624,0.7871252
1030,40627,0.7871252
1031,40631,0.7871252
1032,40633,0.7871252
1033,40513,0.7871252
1034,43643,0.7871252
1035,19764,0.7871252
1036,19542,0.7871252
1037,43343,0.7871252
1038,43355,0.7871252
1039,22455,0.7871252
1040,22457,0.7871252
1041,37090,0.7871252
1042,37093,0.7871252
1043,37109,0.7871252
1044,36812,0.7871252
1045,36901,0.7871252
1046,36725,0.7871252
1047,36729,0.7871252
1048,36759,0.7871252
1049,40376,0.7871252
1050,40379,0.7871252
1051,37337,0.7871252
1052,37158,0.7871252
1053,37165,0.7871252
1054,37119,0.7871252
1055,45677,0.7871252
1056,45692,0.7871252
1057,45605,0.7871252
1058,45448,0.7871252
1059,12757,0.7871252
1060,12917,0.7871252
1061,12206,0.7871252
1062,12312,0.7871252
1063,45304,0.7871252
1064,45275,0.7871252
1065,45286,0.7871252
1066,42569,0.7871252
1067,42538,0.7871252
1068,25748,0.7871252
1069,25000,0.7871252
1070,47335,0.7871252
1071,32358,0.7871252
1072,33121,0.7871252
1073,41405,0.7871252
1074,41289,0.7871252
1075,41291,0.7871252
1076,41027,0.7871252
1077,42748,0.7871252
1078,45977,0.7871252
1079,45991,0.7871252
1080,45799,0.7871252
1081,45830,0.7871252
1082,45834,0.7871252
1083,43756,0.7871252
1084,3307,0.7871252
1085,5671,0.7871252
1086,5779,0.7871252
1087,6025,0.7871252
1088,5594,0.7871252
1089,5598,0.7871252
1090,5267,0.7871252
1091,5268,0.7871252
1092,5375,0.7871252
1093,48603,0.7871252
1094,48458,0.7871252
1095,48473,0.7871252
1096,37150,0.7871252
1097,44330,0.7871252
1098,17612,0.7871252
1099,16774,0.7871252
1100,17003,0.7871252
1101,10709,0.7871252
1102,10475,0.7871252
1103,46310,0.7871252
1104,42212,0.7871252
1105,42183,0.7871252
1106,47611,0.7871252
1107,47647,0.7871252
1108,47592,0.7871252
1109,8239,0.7871252
1110,8429,0.7871252
1111,7897,0.7871252
1112,7574,0.7871252
1113,47438,0.7871252
1114,47487,0.7871252
1115,47383,0.7871252
1116,42650,0.7871252
1117,24188,0.7871252
1118,24194,0.7871252
1119,17006,0.7871252
1120,18861,0.7871252
1121,18349,0.7871252
1122,39861,0.7871252
1123,39762,0.7871252
1124,48846,0.7871252
1125,48610,0.7871252
1126,3966,0.7871252
1127,4456,0.7871252
1128,3707,0.7871252
1129,3709,0.7871252
1130,3136,0.7871252
1131,44994,0.7871252
1132,9102,0.7871252
1133,8598,0.7871252
1134,47066,0.7871252
1135,47002,0.7871252
1136,47033,0.7871252
1137,46913,0.7871252
1138,46893,0.7871252
1139,46894,0.7871252
1140,41477,0.7871252
1141,41507,0.7871252
1142,42165,0.7871252
1143,42163,0.7871252
1144,28719,0.7871252
1145,29091,0.7871252
1146,28297,0.7871252
1147,46912,0.7871252
1148,10143,0.7871252
1149,46677,0.7871252
1150,46620,0.7871252
1151,46622,0.7871252
1152,46516,0.7871252
1153,30551,0.7871252
1154,30560,0.7871252
1155,29779,0.7871252
1156,29780,0.7871252
1157,32184,0.7871252
1158,31292,0.7871252
1159,31414,0.7871252
1160,30962,0.7871252
1161,31231,0.7871252
1162,47244,0.7871252
1163,9316,0.7871252
1164,9130,0.7871252
1165,44325,0.7871252
1166,38297,0.7871252
1167,38097,0.7871252
1168,39461,0.7871252
1169,39485,0.7871252
1170,38517,0.7871252
1171,38554,0.7871252
1172,49887,0.7871252
1173,49898,0.7871252
1174,44620,0.7871252
1175,44580,0.7871252
1176,49521,0.7871252
1177,49569,0.7871252
1178,49414,0.710871
1179,49405,0.710871
1180,416,0.710871
1181,49395,0.710871
1182,543,0.710871
1183,38978,0.710871
1184,709,0.710871
1185,45248,0.710871
1186,45335,0.710871
1187,45336,0.710871
1188,14034,0.710871
1189,14256,0.710871
1190,28276,0.710871
1191,13934,0.710871
1192,44814,0.710871
1193,44631,0.710871
1194,5459,0.710871
1195,43358,0.710871
1196,5388,0.710871
1197,38271,0.710871
1198,37885,0.710871
1199,7544,0.710871
1200,39442,0.710871
1201,39494,0.710871
1202,39426,0.710871
1203,30339,0.710871
1204,31652,0.710871
1205,13007,0.710871
1206,12347,0.710871
1207,31183,0.710871
1208,31343,0.710871
1209,12731,0.710871
1210,12822,0.710871
1211,44758,0.710871
1212,15265,0.710871
1213,31475,0.710871
1214,29596,0.710871
1215,29598,0.710871
1216,29502,0.710871
1217,47714,0.710871
1218,39769,0.710871
1219,39784,0.710871
1220,43645,0.710871
1221,43715,0.710871
1222,25992,0.710871
1223,42456,0.710871
1224,19652,0.710871
1225,43361,0.710871
1226,43537,0.710871
1227,43540,0.710871
1228,42491,0.710871
1229,15583,0.710871
1230,15730,0.710871
1231,28868,0.710871
1232,14357,0.710871
1233,15884,0.710871
1234,41619,0.710871
1235,41481,0.710871
1236,46198,0.710871
1237,45941,0.710871
1238,44425,0.710871
1239,44430,0.710871
1240,41561,0.710871
1241,41569,0.710871
1242,32569,0.710871
1243,33298,0.710871
1244,33420,0.710871
1245,46064,0.710871
1246,33734,0.710871
1247,45938,0.710871
1248,47723,0.710871
1249,8386,0.710871
1250,8433,0.710871
1251,47601,0.710871
1252,47603,0.710871
1253,37637,0.710871
1254,37705,0.710871
1255,40287,0.710871
1256,37428,0.710871
1257,40059,0.710871
1258,40061,0.710871
1259,7584,0.710871
1260,37147,0.710871
1261,37162,0.710871
1262,37168,0.710871
1263,37242,0.710871
1264,37632,0.710871
1265,39670,0.710871
1266,47879,0.710871
1267,47970,0.710871
1268,39793,0.710871
1269,6816,0.710871
1270,46418,0.710871
1271,10522,0.710871
1272,10651,0.710871
1273,32952,0.710871
1274,32991,0.710871
1275,32995,0.710871
1276,41443,0.710871
1277,16835,0.710871
1278,44336,0.710871
1279,44338,0.710871
1280,10497,0.710871
1281,28273,0.710871
1282,42218,0.710871
1283,28083,0.710871
1284,28242,0.710871
1285,44230,0.710871
1286,44235,0.710871
1287,17357,0.710871
1288,42282,0.710871
1289,24710,0.710871
1290,42339,0.710871
1291,42355,0.710871
1292,47246,0.710871
1293,47250,0.710871
1294,42273,0.710871
1295,40639,0.710871
1296,36793,0.710871
1297,36871,0.710871
1298,36954,0.710871
1299,9108,0.710871
1300,9114,0.710871
1301,36983,0.710871
1302,36987,0.710871
1303,8733,0.710871
1304,40576,0.710871
1305,46890,0.710871
1306,46792,0.710871
1307,27102,0.710871
1308,42151,0.710871
1309,42161,0.710871
1310,17252,0.710871
1311,46707,0.710871
1312,9910,0.710871
1313,10187,0.710871
1314,46889,0.710871
1315,40963,0.710871
1316,40965,0.710871
1317,46694,0.710871
1318,35025,0.710871
1319,35028,0.710871
1320,33861,0.710871
1321,40891,0.710871
1322,36679,0.710871
1323,46905,0.710871
1324,46928,0.710871
1325,36309,0.710871
1326,9730,0.710871
1327,36498,0.710871
1328,36657,0.710871
1329,10250,0.710871
1330,10354,0.710871
1331,26125,0.710871
1332,44008,0.710871
1333,44045,0.710871
1334,44145,0.710871
1335,36658,0.710871
1336,36662,0.710871
1337,35884,0.710871
1338,42238,0.710871
1339,44007,0.710871
1340,18828,0.710871
1341,19236,0.710871
1342,49284,0.710871
1343,49285,0.710871
1344,49341,0.710871
1345,2753,0.710871
1346,35,0.710871
1347,49372,0.710871
1348,39007,0.710871
1349,22879,0.710871
1350,23192,0.710871
1351,22627,0.710871
1352,39070,0.710871
1353,39073,0.710871
1354,22630,0.710871
1355,42800,0.710871
1356,23279,0.710871
1357,48634,0.710871
1358,39330,0.710871
1359,38509,0.710871
1360,38575,0.710871
1361,21196,0.710871
1362,21481,0.710871
1363,38584,0.710871
1364,48677,0.710871
1365,3702,0.710871
1366,48613,0.710871
1367,42756,0.710871
1368,19390,0.710871
1369,43180,0.710871
1370,43075,0.710871
1371,43011,0.710871
1372,43235,0.6846764
1373,24626,0.6846764
1374,24085,0.6846764
1375,21657,0.6846764
1376,42628,0.6846764
1377,24448,0.6846764
1378,24604,0.6846764
1379,24605,0.6846764
1380,43338,0.6846764
1381,22059,0.6846764
1382,22592,0.6846764
1383,48664,0.6846764
1384,3718,0.6846764
1385,48631,0.6846764
1386,38488,0.6846764
1387,38504,0.6846764
1388,38513,0.6846764
1389,710,0.6846764
1390,829,0.6846764
1391,22645,0.6846764
1392,23643,0.6846764
1393,22651,0.6846764
1394,38896,0.6846764
1395,38901,0.6846764
1396,38980,0.6846764
1397,38840,0.6846764
1398,2160,0.6846764
1399,39242,0.6846764
1400,38465,0.6846764
1401,38469,0.6846764
1402,39062,0.6846764
1403,49272,0.6846764
1404,2667,0.6846764
1405,1975,0.6846764
1406,42289,0.6846764
1407,43985,0.6846764
1408,42176,0.6846764
1409,42179,0.6846764
1410,43942,0.6846764
1411,10425,0.6846764
1412,10427,0.6846764
1413,46891,0.6846764
1414,40911,0.6846764
1415,46900,0.6846764
1416,46950,0.6846764
1417,10246,0.6846764
1418,40918,0.6846764
1419,40923,0.6846764
1420,34114,0.6846764
1421,41083,0.6846764
1422,41146,0.6846764
1423,41004,0.6846764
1424,46817,0.6846764
1425,46820,0.6846764
1426,46822,0.6846764
1427,46699,0.6846764
1428,46714,0.6846764
1429,46726,0.6846764
1430,46824,0.6846764
1431,46784,0.6846764
1432,42172,0.6846764
1433,7884,0.6846764
1434,8122,0.6846764
1435,8738,0.6846764
1436,37117,0.6846764
1437,9118,0.6846764
1438,9123,0.6846764
1439,9138,0.6846764
1440,7546,0.6846764
1441,7569,0.6846764
1442,47364,0.6846764
1443,47163,0.6846764
1444,42275,0.6846764
1445,43748,0.6846764
1446,24789,0.6846764
1447,24852,0.6846764
1448,42234,0.6846764
1449,44195,0.6846764
1450,41387,0.6846764
1451,10477,0.6846764
1452,10504,0.6846764
1453,10509,0.6846764
1454,41476,0.6846764
1455,32851,0.6846764
1456,32854,0.6846764
1457,10788,0.6846764
1458,10838,0.6846764
1459,11024,0.6846764
1460,34164,0.6846764
1461,46689,0.6846764
1462,48103,0.6846764
1463,37589,0.6846764
1464,7026,0.6846764
1465,48249,0.6846764
1466,48306,0.6846764
1467,37241,0.6846764
1468,40243,0.6846764
1469,7588,0.6846764
1470,7621,0.6846764
1471,40229,0.6846764
1472,46559,0.6846764
1473,46581,0.6846764
1474,11053,0.6846764
1475,33560,0.6846764
1476,33564,0.6846764
1477,45857,0.6846764
1478,33774,0.6846764
1479,41606,0.6846764
1480,41615,0.6846764
1481,44428,0.6846764
1482,44264,0.6846764
1483,44432,0.6846764
1484,44520,0.6846764
1485,42513,0.6846764
1486,42516,0.6846764
1487,25904,0.6846764
1488,25945,0.6846764
1489,19394,0.6846764
1490,19615,0.6846764
1491,19854,0.6846764
1492,19858,0.6846764
1493,43816,0.6846764
1494,43547,0.6846764
1495,43706,0.6846764
1496,20222,0.6846764
1497,39703,0.6846764
1498,39719,0.6846764
1499,39722,0.6846764
1500,39725,0.6846764
1501,47710,0.6846764
1502,39737,0.6846764
1503,39764,0.6846764
1504,39767,0.6846764
1505,16165,0.6846764
1506,16264,0.6846764
1507,42084,0.6846764
1508,42098,0.6846764
1509,29527,0.6846764
1510,15214,0.6846764
1511,14958,0.6846764
1512,45337,0.6846764
1513,12172,0.6846764
1514,12176,0.6846764
1515,31874,0.6846764
1516,31199,0.6846764
1517,31349,0.6846764
1518,41683,0.6846764
1519,41728,0.6846764
1520,13291,0.6846764
1521,45452,0.6846764
1522,45467,0.6846764
1523,38618,0.6846764
1524,49044,0.6846764
1525,49001,0.6846764
1526,48751,0.6846764
1527,48576,0.6846764
1528,48464,0.6846764
1529,48476,0.6846764
1530,6993,0.6846764
1531,7023,0.6846764
1532,37927,0.6846764
1533,37977,0.6846764
1534,38036,0.6846764
1535,48496,0.6846764
1536,39653,0.6846764
1537,39656,0.6846764
1538,37892,0.6846764
1539,37893,0.6846764
1540,3678,0.6846764
1541,3681,0.6846764
1542,6032,0.6846764
1543,25157,0.6846764
1544,25392,0.6846764
1545,25624,0.6846764
1546,13432,0.6846764
1547,44668,0.6846764
1548,44850,0.6846764
1549,44928,0.6846764
1550,44951,0.6846764
1551,14049,0.6846764
1552,30883,0.6846764
1553,30887,0.6846764
1554,30555,0.6846764
1555,44979,0.6846764
1556,45036,0.6846764
1557,45079,0.6846764
1558,45268,0.6846764
1559,45334,0.6846764
1560,45080,0.6846764
1561,832,0.6846764
1562,49543,0.6846764
1563,49559,0.6846764
1564,49534,0.6846764
1565,49536,0.6846764
1566,50018,0.6846764
1567,49877,0.6846764
1568,477,0.6846764
1569,49732,0.6760659
1570,367,0.6760659
1571,370,0.6760659
1572,49194,0.6760659
1573,2294,0.6760659
1574,38379,0.6760659
1575,38481,0.6760659
1576,38853,0.6760659
1577,43021,0.6760659
1578,23467,0.6760659
1579,22632,0.6760659
1580,42758,0.6760659
1581,42778,0.6760659
1582,42799,0.6760659
1583,42801,0.6760659
1584,49601,0.6760659
1585,600,0.6760659
1586,657,0.6760659
1587,49990,0.6760659
1588,49997,0.6760659
1589,49998,0.6760659
1590,41979,0.6760659
1591,42023,0.6760659
1592,30857,0.6760659
1593,13802,0.6760659
1594,13915,0.6760659
1595,13919,0.6760659
1596,44798,0.6760659
1597,44816,0.6760659
1598,13288,0.6760659
1599,45458,0.6760659
1600,45463,0.6760659
1601,13104,0.6760659
1602,13107,0.6760659
1603,29806,0.6760659
1604,31973,0.6760659
1605,30972,0.6760659
1606,30974,0.6760659
1607,31360,0.6760659
1608,12207,0.6760659
1609,12208,0.6760659
1610,44589,0.6760659
1611,14615,0.6760659
1612,14652,0.6760659
1613,14665,0.6760659
1614,29138,0.6760659
1615,29270,0.6760659
1616,44546,0.6760659
1617,15877,0.6760659
1618,15880,0.6760659
1619,46224,0.6760659
1620,46284,0.6760659
1621,46304,0.6760659
1622,46121,0.6760659
1623,46123,0.6760659
1624,46202,0.6760659
1625,45971,0.6760659
1626,41623,0.6760659
1627,41640,0.6760659
1628,41567,0.6760659
1629,33341,0.6760659
1630,45860,0.6760659
1631,11811,0.6760659
1632,45601,0.6760659
1633,46623,0.6760659
1634,46575,0.6760659
1635,46580,0.6760659
1636,46488,0.6760659
1637,46495,0.6760659
1638,41451,0.6760659
1639,41411,0.6760659
1640,46321,0.6760659
1641,10512,0.6760659
1642,44291,0.6760659
1643,44292,0.6760659
1644,44202,0.6760659
1645,44204,0.6760659
1646,44229,0.6760659
1647,44231,0.6760659
1648,17631,0.6760659
1649,16595,0.6760659
1650,16778,0.6760659
1651,42185,0.6760659
1652,42224,0.6760659
1653,28245,0.6760659
1654,28248,0.6760659
1655,26904,0.6760659
1656,27709,0.6760659
1657,46870,0.6760659
1658,35364,0.6760659
1659,41032,0.6760659
1660,34886,0.6760659
1661,34920,0.6760659
1662,33913,0.6760659
1663,47072,0.6760659
1664,46915,0.6760659
1665,46988,0.6760659
1666,36696,0.6760659
1667,40745,0.6760659
1668,40758,0.6760659
1669,36333,0.6760659
1670,36337,0.6760659
1671,36628,0.6760659
1672,36332,0.6760659
1673,9623,0.6760659
1674,9626,0.6760659
1675,43976,0.6760659
1676,18798,0.6760659
1677,18801,0.6760659
1678,19321,0.6760659
1679,18598,0.6760659
1680,18644,0.6760659
1681,42270,0.6760659
1682,42287,0.6760659
1683,43726,0.6760659
1684,43754,0.6760659
1685,47422,0.6760659
1686,7575,0.6760659
1687,9112,0.6760659
1688,9149,0.6760659
1689,40659,0.6760659
1690,40674,0.6760659
1691,36903,0.6760659
1692,37074,0.6760659
1693,36784,0.6760659
1694,47154,0.6760659
1695,8960,0.6760659
1696,8172,0.6760659
1697,8220,0.6760659
1698,7580,0.6760659
1699,7614,0.6760659
1700,7617,0.6760659
1701,37307,0.6760659
1702,40032,0.6760659
1703,40033,0.6760659
1704,6662,0.6760659
1705,48207,0.6760659
1706,48210,0.6760659
1707,48309,0.6760659
1708,48101,0.6760659
1709,48198,0.6760659
1710,48002,0.6760659
1711,39908,0.6760659
1712,39673,0.6760659
1713,39676,0.6760659
1714,39713,0.6760659
1715,20652,0.6760659
1716,20230,0.6760659
1717,20648,0.6760659
1718,19598,0.6760659
1719,19885,0.6760659
1720,25034,0.6760659
1721,25417,0.6760659
1722,3697,0.6760659
1723,3700,0.6760659
1724,39615,0.6760659
1725,39617,0.6760659
1726,38042,0.6760659
1727,38312,0.6760659
1728,4885,0.6760659
1729,48481,0.6760659
1730,48487,0.6760659
1731,7540,0.6760659
1732,48371,0.6760659
1733,1009,0.6760659
1734,1433,0.6760659
1735,48837,0.6760659
1736,48735,0.6760659
1737,48737,0.6760659
1738,48763,0.6760659
1739,39444,0.6760659
1740,37802,0.6760659
1741,38697,0.6760659
1742,38701,0.6760659
1743,38493,0.6760659
1744,21233,0.6760659
1745,21236,0.6760659
1746,21613,0.6760659
1747,24416,0.6760659
1748,24612,0.6760659
1749,23848,0.6760659
1750,23981,0.6760659
1751,42590,0.6760659
1752,42603,0.6760659
1753,23804,0.6760659
1754,23845,0.6760659
1755,43131,0.6760659
1756,20989,0.6760659
1757,43020,0.6760659
1758,50017,0.6760659
1759,222,0.6760659
1760,50056,0.6760659
1761,49891,0.6760659
1762,50116,0.6760659
1763,50121,0.6760659
1764,49766,0.6760659
1765,49824,0.6760659
1766,49652,0.6695657
1767,1396,0.6695657
1768,49987,0.6695657
1769,45760,0.6695657
1770,218,0.6695657
1771,42845,0.6695657
1772,42796,0.6695657
1773,39514,0.6695657
1774,23782,0.6695657
1775,42989,0.6695657
1776,42992,0.6695657
1777,22763,0.6695657
1778,49045,0.6695657
1779,23402,0.6695657
1780,23696,0.6695657
1781,41168,0.6695657
1782,39142,0.6695657
1783,38992,0.6695657
1784,24414,0.6695657
1785,24434,0.6695657
1786,43129,0.6695657
1787,43135,0.6695657
1788,21061,0.6695657
1789,42667,0.6695657
1790,42747,0.6695657
1791,21643,0.6695657
1792,21770,0.6695657
1793,38703,0.6695657
1794,48641,0.6695657
1795,24642,0.6695657
1796,49984,0.6695657
1797,39323,0.6695657
1798,38543,0.6695657
1799,41237,0.6695657
1800,41250,0.6695657
1801,46276,0.6695657
1802,46278,0.6695657
1803,10463,0.6695657
1804,12394,0.6695657
1805,45186,0.6695657
1806,45199,0.6695657
1807,29829,0.6695657
1808,12402,0.6695657
1809,41647,0.6695657
1810,41664,0.6695657
1811,41705,0.6695657
1812,41708,0.6695657
1813,32898,0.6695657
1814,46466,0.6695657
1815,29818,0.6695657
1816,22448,0.6695657
1817,43285,0.6695657
1818,5614,0.6695657
1819,43288,0.6695657
1820,43296,0.6695657
1821,43536,0.6695657
1822,22421,0.6695657
1823,42498,0.6695657
1824,24981,0.6695657
1825,25119,0.6695657
1826,25281,0.6695657
1827,42477,0.6695657
1828,43287,0.6695657
1829,42584,0.6695657
1830,43058,0.6695657
1831,43061,0.6695657
1832,43064,0.6695657
1833,41034,0.6695657
1834,41040,0.6695657
1835,34543,0.6695657
1836,46468,0.6695657
1837,32895,0.6695657
1838,30754,0.6695657
1839,35167,0.6695657
1840,41018,0.6695657
1841,41029,0.6695657
1842,41980,0.6695657
1843,42008,0.6695657
1844,41916,0.6695657
1845,41947,0.6695657
1846,45058,0.6695657
1847,41138,0.6695657
1848,45125,0.6695657
1849,45127,0.6695657
1850,43775,0.6695657
1851,42572,0.6695657
1852,19977,0.6695657
1853,20492,0.6695657
1854,42254,0.6695657
1855,42294,0.6695657
1856,20547,0.6695657
1857,4710,0.6695657
1858,37869,0.6695657
1859,42309,0.6695657
1860,42311,0.6695657
1861,42352,0.6695657
1862,42353,0.6695657
1863,5618,0.6695657
1864,39580,0.6695657
1865,38250,0.6695657
1866,46813,0.6695657
1867,9553,0.6695657
1868,41075,0.6695657
1869,13292,0.6695657
1870,15010,0.6695657
1871,44586,0.6695657
1872,44949,0.6695657
1873,44989,0.6695657
1874,14243,0.6695657
1875,47080,0.6695657
1876,8591,0.6695657
1877,46927,0.6695657
1878,37538,0.6695657
1879,37551,0.6695657
1880,47721,0.6695657
1881,19341,0.6695657
1882,43959,0.6695657
1883,42428,0.6695657
1884,42438,0.6695657
1885,17856,0.6695657
1886,47728,0.6695657
1887,47731,0.6695657
1888,27226,0.6695657
1889,43961,0.6695657
1890,44019,0.6695657
1891,6877,0.6695657
1892,48197,0.6695657
1893,48205,0.6695657
1894,14354,0.6695657
1895,40715,0.6695657
1896,40722,0.6695657
1897,29446,0.6695657
1898,42051,0.6695657
1899,28443,0.6695657
1900,29007,0.6695657
1901,44571,0.6695657
1902,14280,0.6695657
1903,42087,0.6695657
1904,14990,0.6695657
1905,40066,0.6695657
1906,37676,0.6695657
1907,47387,0.6695657
1908,27998,0.6695657
1909,28220,0.6695657
1910,42199,0.6695657
1911,42219,0.6695657
1912,16686,0.6695657
1913,15608,0.6695657
1914,15895,0.6695657
1915,17688,0.6695657
1916,44175,0.6695657
1917,44178,0.6695657
1918,8060,0.6695657
1919,44460,0.6695657
1920,44347,0.6695657
1921,15302,0.6695657
1922,39819,0.6695657
1923,40228,0.6695657
1924,32802,0.6695657
1925,11924,0.6695657
1926,12071,0.6695657
1927,12113,0.6695657
1928,12812,0.6695657
1929,41522,0.6695657
1930,41603,0.6695657
1931,41633,0.6695657
1932,45981,0.6695657
1933,32348,0.6695657
1934,11371,0.6695657
1935,11374,0.6695657
1936,12407,0.6695657
1937,12526,0.6695657
1938,39539,0.6695657
1939,46173,0.6695657
1940,45643,0.6695657
1941,50025,0.6695657
1942,38952,0.6695657
1943,38956,0.6695657
1944,984,0.6695657
1945,49458,0.6695657
1946,49511,0.6695657
1947,554,0.6695657
1948,593,0.6695657
1949,694,0.6695657
1950,1933,0.6695657
1951,2804,0.6695657
1952,49153,0.6695657
1953,1684,0.6695657
1954,50048,0.6695657
1955,38867,0.6695657
1956,50028,0.6695657
1957,49185,0.6695657
1958,49209,0.6695657
1959,49292,0.6695657
1960,38885,0.66689324
1961,49175,0.66689324
1962,2526,0.66689324
1963,39194,0.66689324
1964,1683,0.66689324
1965,933,0.66689324
1966,946,0.66689324
1967,49440,0.66689324
1968,764,0.66689324
1969,38933,0.66689324
1970,38949,0.66689324
1971,38954,0.66689324
1972,49874,0.66689324
1973,39517,0.66689324
1974,48759,0.66689324
1975,46168,0.66689324
1976,46186,0.66689324
1977,11369,0.66689324
1978,13277,0.66689324
1979,45553,0.66689324
1980,12418,0.66689324
1981,12752,0.66689324
1982,41571,0.66689324
1983,32336,0.66689324
1984,32404,0.66689324
1985,45861,0.66689324
1986,45753,0.66689324
1987,50098,0.66689324
1988,39774,0.66689324
1989,39821,0.66689324
1990,39913,0.66689324
1991,8476,0.66689324
1992,47646,0.66689324
1993,40150,0.66689324
1994,40263,0.66689324
1995,7625,0.66689324
1996,44456,0.66689324
1997,44477,0.66689324
1998,15564,0.66689324
1999,16708,0.66689324
2000,17366,0.66689324
2001,37132,0.66689324
2002,37262,0.66689324
2003,40031,0.66689324
2004,40147,0.66689324
2005,47440,0.66689324
2006,37624,0.66689324
2007,47355,0.66689324
2008,47156,0.66689324
2009,47221,0.66689324
2010,47224,0.66689324
2011,42092,0.66689324
2012,42140,0.66689324
2013,42143,0.66689324
2014,14648,0.66689324
2015,42055,0.66689324
2016,44575,0.66689324
2017,28339,0.66689324
2018,37115,0.66689324
2019,40590,0.66689324
2020,40460,0.66689324
2021,36769,0.66689324
2022,48375,0.66689324
2023,6523,0.66689324
2024,7180,0.66689324
2025,7320,0.66689324
2026,37591,0.66689324
2027,47769,0.66689324
2028,44123,0.66689324
2029,42146,0.66689324
2030,43889,0.66689324
2031,24669,0.66689324
2032,24712,0.66689324
2033,17881,0.66689324
2034,37536,0.66689324
2035,37564,0.66689324
2036,39730,0.66689324
2037,39735,0.66689324
2038,36870,0.66689324
2039,8589,0.66689324
2040,8741,0.66689324
2041,40897,0.66689324
2042,10397,0.66689324
2043,47017,0.66689324
2044,14099,0.66689324
2045,14103,0.66689324
2046,14121,0.66689324
2047,44834,0.66689324
2048,13295,0.66689324
2049,13777,0.66689324
2050,40739,0.66689324
2051,40784,0.66689324
2052,40830,0.66689324
2053,40832,0.66689324
2054,35735,0.66689324
2055,36552,0.66689324
2056,46809,0.66689324
2057,41090,0.66689324
2058,2970,0.66689324
2059,37974,0.66689324
2060,38362,0.66689324
2061,38363,0.66689324
2062,39542,0.66689324
2063,17827,0.66689324
2064,42250,0.66689324
2065,42292,0.66689324
2066,42296,0.66689324
2067,42300,0.66689324
2068,42303,0.66689324
2069,43725,0.66689324
2070,42551,0.66689324
2071,19738,0.66689324
2072,7322,0.66689324
2073,48372,0.66689324
2074,46735,0.66689324
2075,42033,0.66689324
2076,42041,0.66689324
2077,41952,0.66689324
2078,41961,0.66689324
2079,41798,0.66689324
2080,41875,0.66689324
2081,30482,0.66689324
2082,30483,0.66689324
2083,30748,0.66689324
2084,35136,0.66689324
2085,40969,0.66689324
2086,46619,0.66689324
2087,34616,0.66689324
2088,46601,0.66689324
2089,42579,0.66689324
2090,43015,0.66689324
2091,43056,0.66689324
2092,43077,0.66689324
2093,42521,0.66689324
2094,42549,0.66689324
2095,43290,0.66689324
2096,43292,0.66689324
2097,43426,0.66689324
2098,21830,0.66689324
2099,43281,0.66689324
2100,39602,0.66689324
2101,39635,0.66689324
2102,5608,0.66689324
2103,5612,0.66689324
2104,33269,0.66689324
2105,10528,0.66689324
2106,10532,0.66689324
2107,10534,0.66689324
2108,41742,0.66689324
2109,45234,0.66689324
2110,12269,0.66689324
2111,31809,0.66689324
2112,45231,0.66689324
2113,41448,0.66689324
2114,32856,0.66689324
2115,41173,0.66689324
2116,41205,0.66689324
2117,46280,0.66689324
2118,46282,0.66689324
2119,49876,0.66689324
2120,39050,0.66689324
2121,39414,0.66689324
2122,39417,0.66689324
2123,39423,0.66689324
2124,3291,0.66689324
2125,3381,0.66689324
2126,3629,0.66689324
2127,4142,0.66689324
2128,48606,0.66689324
2129,24649,0.66689324
2130,42633,0.66689324
2131,42614,0.66689324
2132,24146,0.66689324
2133,24341,0.66689324
2134,43275,0.66689324
2135,43276,0.66689324
2136,10500,0.66689324
2137,46150,0.66689324
2138,1441,0.66689324
2139,1680,0.66689324
2140,39037,0.66689324
2141,1384,0.66689324
2142,38900,0.66689324
2143,49002,0.66689324
2144,49035,0.66689324
2145,23225,0.66689324
2146,42983,0.66689324
2147,22859,0.66689324
2148,23010,0.66689324
2149,42816,0.66689324
2150,42843,0.66689324
2151,42850,0.66689324
2152,42768,0.66689324
2153,42804,0.66689324
2154,39427,0.66689324
2155,50122,0.66689324
2156,399,0.66689324
2157,51,0.66689324
2158,12,0.6547421
2159,49842,0.6547421
2160,15,0.6547421
2161,42802,0.6547421
2162,42857,0.6547421
2163,38722,0.6547421
2164,39399,0.6547421
2165,39405,0.6547421
2166,39411,0.6547421
2167,42741,0.6547421
2168,3298,0.6547421
2169,48656,0.6547421
2170,48662,0.6547421
2171,43083,0.6547421
2172,43107,0.6547421
2173,24276,0.6547421
2174,11386,0.6547421
2175,11396,0.6547421
2176,11401,0.6547421
2177,11863,0.6547421
2178,45516,0.6547421
2179,45546,0.6547421
2180,45668,0.6547421
2181,45714,0.6547421
2182,41545,0.6547421
2183,45961,0.6547421
2184,12963,0.6547421
2185,13261,0.6547421
2186,13283,0.6547421
2187,13285,0.6547421
2188,45806,0.6547421
2189,33336,0.6547421
2190,33465,0.6547421
2191,32218,0.6547421
2192,43383,0.6547421
2193,25682,0.6547421
2194,25917,0.6547421
2195,25989,0.6547421
2196,42506,0.6547421
2197,39569,0.6547421
2198,39571,0.6547421
2199,39586,0.6547421
2200,22308,0.6547421
2201,5239,0.6547421
2202,5418,0.6547421
2203,39553,0.6547421
2204,39563,0.6547421
2205,39568,0.6547421
2206,42405,0.6547421
2207,42409,0.6547421
2208,5225,0.6547421
2209,32076,0.6547421
2210,41714,0.6547421
2211,41734,0.6547421
2212,41736,0.6547421
2213,29776,0.6547421
2214,45185,0.6547421
2215,45207,0.6547421
2216,41276,0.6547421
2217,41351,0.6547421
2218,41368,0.6547421
2219,41462,0.6547421
2220,41470,0.6547421
2221,45128,0.6547421
2222,46068,0.6547421
2223,46274,0.6547421
2224,41245,0.6547421
2225,20844,0.6547421
2226,43707,0.6547421
2227,43752,0.6547421
2228,7343,0.6547421
2229,48383,0.6547421
2230,48504,0.6547421
2231,48565,0.6547421
2232,48120,0.6547421
2233,48194,0.6547421
2234,48321,0.6547421
2235,6392,0.6547421
2236,26733,0.6547421
2237,26746,0.6547421
2238,27310,0.6547421
2239,45101,0.6547421
2240,45123,0.6547421
2241,46720,0.6547421
2242,46777,0.6547421
2243,41954,0.6547421
2244,41971,0.6547421
2245,41973,0.6547421
2246,46621,0.6547421
2247,46652,0.6547421
2248,35156,0.6547421
2249,30699,0.6547421
2250,33200,0.6547421
2251,46492,0.6547421
2252,46534,0.6547421
2253,46542,0.6547421
2254,46576,0.6547421
2255,46578,0.6547421
2256,44021,0.6547421
2257,44165,0.6547421
2258,26731,0.6547421
2259,37541,0.6547421
2260,18063,0.6547421
2261,18067,0.6547421
2262,18571,0.6547421
2263,8120,0.6547421
2264,47597,0.6547421
2265,47672,0.6547421
2266,47718,0.6547421
2267,44458,0.6547421
2268,44517,0.6547421
2269,13968,0.6547421
2270,13970,0.6547421
2271,14051,0.6547421
2272,44924,0.6547421
2273,44944,0.6547421
2274,44588,0.6547421
2275,44593,0.6547421
2276,44600,0.6547421
2277,44603,0.6547421
2278,36166,0.6547421
2279,40787,0.6547421
2280,40799,0.6547421
2281,9550,0.6547421
2282,9565,0.6547421
2283,9922,0.6547421
2284,17532,0.6547421
2285,44180,0.6547421
2286,44362,0.6547421
2287,44365,0.6547421
2288,15450,0.6547421
2289,47533,0.6547421
2290,37785,0.6547421
2291,37137,0.6547421
2292,47298,0.6547421
2293,47327,0.6547421
2294,42063,0.6547421
2295,14952,0.6547421
2296,14967,0.6547421
2297,40726,0.6547421
2298,40728,0.6547421
2299,40732,0.6547421
2300,47227,0.6547421
2301,28870,0.6547421
2302,29254,0.6547421
2303,29435,0.6547421
2304,29771,0.6547421
2305,42059,0.6547421
2306,40621,0.6547421
2307,28337,0.6547421
2308,28768,0.6547421
2309,47034,0.6547421
2310,47091,0.6547421
2311,8791,0.6547421
2312,40333,0.6547421
2313,40425,0.6547421
2314,44958,0.6547421
2315,44992,0.6547421
2316,45048,0.6547421
2317,47014,0.6547421
2318,47022,0.6547421
2319,39104,0.6547421
2320,45,0.6547421
2321,318,0.6547421
2322,49825,0.6547421
2323,266,0.6547421
2324,508,0.6547421
2325,49144,0.6547421
2326,38990,0.6547421
2327,38870,0.6547421
2328,48810,0.6547421
2329,48847,0.6547421
2330,48911,0.6547421
2331,48946,0.6547421
2332,49043,0.6547421
2333,49051,0.6547421
2334,42942,0.6547421
2335,42949,0.6547421
2336,23336,0.6547421
2337,48784,0.6547421
2338,49661,0.6547421
2339,49716,0.6547421
2340,12103,0.6547421
2341,12107,0.6547421
2342,45803,0.6547421
2343,45805,0.6547421
2344,2367,0.6547421
2345,49388,0.6547421
2346,49603,0.6547421
2347,49608,0.6547421
2348,39162,0.6547421
2349,39185,0.6547421
2350,39188,0.6547421
2351,1875,0.6547421
2352,2230,0.6547421
2353,38925,0.6547421
2354,515,0.6547421
2355,50013,0.64844173
2356,38928,0.64844173
2357,49428,0.64844173
2358,618,0.64844173
2359,744,0.64844173
2360,771,0.64844173
2361,49563,0.64844173
2362,39191,0.64844173
2363,38459,0.64844173
2364,2458,0.64844173
2365,49416,0.64844173
2366,49419,0.64844173
2367,49422,0.64844173
2368,45716,0.64844173
2369,45768,0.64844173
2370,42874,0.64844173
2371,23006,0.64844173
2372,23205,0.64844173
2373,42990,0.64844173
2374,49019,0.64844173
2375,49049,0.64844173
2376,49065,0.64844173
2377,1406,0.64844173
2378,1428,0.64844173
2379,39043,0.64844173
2380,39053,0.64844173
2381,50104,0.64844173
2382,49904,0.64844173
2383,10329,0.64844173
2384,46930,0.64844173
2385,47001,0.64844173
2386,40383,0.64844173
2387,40503,0.64844173
2388,36752,0.64844173
2389,40535,0.64844173
2390,40596,0.64844173
2391,40724,0.64844173
2392,44559,0.64844173
2393,28403,0.64844173
2394,29245,0.64844173
2395,29269,0.64844173
2396,29679,0.64844173
2397,42079,0.64844173
2398,47234,0.64844173
2399,47265,0.64844173
2400,47277,0.64844173
2401,47280,0.64844173
2402,47418,0.64844173
2403,47451,0.64844173
2404,47453,0.64844173
2405,37692,0.64844173
2406,37695,0.64844173
2407,37697,0.64844173
2408,42188,0.64844173
2409,44171,0.64844173
2410,16703,0.64844173
2411,17686,0.64844173
2412,46882,0.64844173
2413,46885,0.64844173
2414,9547,0.64844173
2415,35938,0.64844173
2416,36091,0.64844173
2417,36093,0.64844173
2418,36698,0.64844173
2419,40742,0.64844173
2420,40759,0.64844173
2421,15164,0.64844173
2422,44605,0.64844173
2423,44701,0.64844173
2424,44737,0.64844173
2425,13507,0.64844173
2426,13522,0.64844173
2427,44868,0.64844173
2428,44897,0.64844173
2429,16205,0.64844173
2430,44552,0.64844173
2431,44556,0.64844173
2432,7842,0.64844173
2433,8058,0.64844173
2434,8109,0.64844173
2435,8380,0.64844173
2436,47577,0.64844173
2437,47615,0.64844173
2438,40022,0.64844173
2439,37545,0.64844173
2440,37566,0.64844173
2441,24851,0.64844173
2442,18456,0.64844173
2443,19138,0.64844173
2444,43957,0.64844173
2445,44002,0.64844173
2446,44012,0.64844173
2447,26395,0.64844173
2448,46474,0.64844173
2449,46607,0.64844173
2450,46690,0.64844173
2451,33951,0.64844173
2452,30701,0.64844173
2453,41790,0.64844173
2454,41804,0.64844173
2455,41828,0.64844173
2456,41861,0.64844173
2457,41905,0.64844173
2458,41985,0.64844173
2459,45113,0.64844173
2460,45116,0.64844173
2461,41150,0.64844173
2462,46691,0.64844173
2463,27791,0.64844173
2464,27957,0.64844173
2465,37578,0.64844173
2466,47766,0.64844173
2467,48086,0.64844173
2468,48123,0.64844173
2469,48126,0.64844173
2470,48262,0.64844173
2471,6409,0.64844173
2472,6499,0.64844173
2473,6501,0.64844173
2474,6789,0.64844173
2475,48566,0.64844173
2476,42566,0.64844173
2477,42574,0.64844173
2478,20219,0.64844173
2479,20542,0.64844173
2480,43654,0.64844173
2481,46046,0.64844173
2482,46056,0.64844173
2483,41154,0.64844173
2484,41187,0.64844173
2485,41217,0.64844173
2486,41278,0.64844173
2487,41424,0.64844173
2488,45190,0.64844173
2489,45210,0.64844173
2490,45255,0.64844173
2491,45257,0.64844173
2492,45293,0.64844173
2493,31970,0.64844173
2494,41739,0.64844173
2495,41775,0.64844173
2496,41783,0.64844173
2497,42322,0.64844173
2498,42414,0.64844173
2499,48605,0.64844173
2500,4679,0.64844173
2501,4859,0.64844173
2502,39551,0.64844173
2503,39558,0.64844173
2504,39565,0.64844173
2505,39573,0.64844173
2506,5777,0.64844173
2507,22160,0.64844173
2508,22285,0.64844173
2509,42450,0.64844173
2510,42501,0.64844173
2511,42524,0.64844173
2512,45866,0.64844173
2513,45869,0.64844173
2514,32392,0.64844173
2515,32431,0.64844173
2516,30894,0.64844173
2517,13259,0.64844173
2518,45517,0.64844173
2519,45539,0.64844173
2520,45653,0.64844173
2521,45673,0.64844173
2522,11383,0.64844173
2523,11389,0.64844173
2524,11399,0.64844173
2525,11405,0.64844173
2526,42533,0.64844173
2527,42546,0.64844173
2528,42604,0.64844173
2529,24353,0.64844173
2530,24637,0.64844173
2531,48620,0.64844173
2532,48663,0.64844173
2533,48671,0.64844173
2534,48690,0.64844173
2535,39325,0.64844173
2536,39512,0.64844173
2537,48725,0.64844173
2538,48778,0.64844173
2539,49572,0.64844173
2540,49577,0.64844173
2541,49579,0.64844173
2542,49584,0.64844173
2543,42849,0.64844173
2544,42864,0.64844173
2545,472,0.64844173
2546,172,0.64844173
2547,463,0.64844173
2548,49880,0.64844173
